Image,Caption,Description,User
https://i.pinimg.com/236x/64/62/fa/6462fae4a484cc24bd35e3861ba33407.jpg,framed pic of me and my bf ðŸ©·,a black and white photo in a frame on a bed,âœ©â€§â‚ŠËš lilÃ¿ Ëš à¼˜â™¡ â‹†ï½¡Ëš
https://i.pinimg.com/236x/c8/1b/15/c81b15686ec5a5de04a83710a2b36d43.jpg,bf gift ideas,a black background with the words boyfriend gift ideas,Weronika <3
https://i.pinimg.com/236x/31/0b/09/310b09d34031015659bd6dd3c210dc87.jpg,birthday gift,a white basket filled with personal care items on top of a counter next to a mirror,tania
https://i.pinimg.com/236x/90/9c/e5/909ce5cd6e83934236118fd979051b7f.jpg,anniversary scrapbook page,an open book with writing on it and some notes attached to the pages that have been placed together,VðŸ§¸ðŸ’ŒðŸ’ðŸª©ðŸ¸
https://i.pinimg.com/236x/49/42/6c/49426ccfbf98b1ff398326e08924fd06.jpg,Cute gift basketâœ¨ðŸ’—,an open car trunk filled with stuffed animals and other things to put in the back seat,Kari
https://i.pinimg.com/236x/7d/de/c2/7ddec2c341513d32c775147c8c6feaf8.jpg,âœ¨ Transform Your Home: 21 White Christmas Tree Designs,a decorated christmas tree in front of a window,Decor Dreams Hub
https://i.pinimg.com/30x30_RS/81/03/e5/8103e569e07485d3662ed589113659c7.jpg,DIY Card gift for significant other,ðˆð³ðšð›ðžð¥ð¥ðš ðƒð¨ð¬ ð’ðšð§ð­ð¨ð¬ â™¡ï¸Ž avatar link,ðˆð³ðšð›ðžð¥ð¥ðš ðƒð¨ð¬ ð’ðšð§ð­ð¨ð¬ â™¡ï¸Ž
https://i.pinimg.com/30x30_RS/f9/12/f6/f912f68448b56245ce0861c0c9ce39a8.jpg,"Baby Shower Gift Hamper, DIY Gift Basket for Baby, Girl, Boy, Newborn, Neutral",Baby Inspo Hub avatar link,Baby Inspo Hub
https://i.pinimg.com/236x/bd/30/72/bd3072aaa45ff11bffce5253caaa3458.jpg,,a bouquet of flowers with pictures on it,grace_noelleee
https://i.pinimg.com/236x/10/2c/19/102c19b197f2fd2648a1d4ab02a6684b.jpg,Premium Bath and Body Gift Basket for Women and Men - Perfect Mother's Day Gift,a basket filled with lots of different types of cosmetics and personal care products in it,many change
https://i.pinimg.com/236x/a7/d6/a9/a7d6a9b1175bb3ade067691a12132bae.jpg,14 Homemade Christmas Gifts to Make Ahead â€” Day to Day Adventures,homemade christmas gifts to make ahead,My Besuited Home | Luxury Home DÃ©cor
https://i.pinimg.com/236x/89/61/5a/89615a82c14873162a1c107541619798.jpg,Basket gift,a white box filled with lots of different types of items on top of a car seat,Mika Kalfon
https://i.pinimg.com/236x/08/27/17/082717be5d623c4a220bb4e448fc304e.jpg,Relaxing Mothers Day Gift,"a gift set with a teddy bear, pillow and other items",Alta Munro
https://i.pinimg.com/236x/d3/86/a6/d386a6096f12dc2ce56e75a865ab245e.jpg,,"an open suitcase filled with pictures and photos on it's lid, sitting on a table",ð“¡ð“žð“¢ð“”<3
https://i.pinimg.com/236x/b1/55/d0/b155d00ab6783c9b985212b06d9821d5.jpg,kissing t-shirt,a person sitting on the floor using a laptop computer and drawing with red ink onto a t - shirt,drmylv_
https://i.pinimg.com/236x/60/15/25/601525fd5a4c1bc2e189ecc8ee2cf371.jpg,"Personalized Birthday Gift Box with Skincare, Accessories, and Unique Decor for Special Celebration",an open suitcase filled with personal care items,noliragift
https://i.pinimg.com/236x/89/d2/5f/89d25fa3122a538c45af8238b3e2673e.jpg,Love gift,a black frame with red lipstick drawn on it in front of a white wall and wooden floor,Kkkatttya
https://i.pinimg.com/236x/6c/ff/a0/6cffa0da139f5cf685e6abe5a0cdf577.jpg,Snow heart,the sun is shining on some snow covered trees and bushes with a smiley face drawn in it,Ilda St
https://i.pinimg.com/236x/d6/72/86/d67286c10370f7411b9ff09258484af5.jpg,Gift basket ðŸ’—ðŸ’—,a basket filled with lots of different types of items,Guste Jasinskaite
https://i.pinimg.com/236x/e1/92/fd/e192fd69a11fb76878846bc46ffcf9d6.jpg,CHRISTMAS LIST IDEAS!ðŸŽ„â˜ƒï¸ðŸ¤,the christmas list is full of beauty products,aliðŸ†.
https://i.pinimg.com/736x/93/6e/1d/936e1dfd374d16960a54a66b1b0f33c7.jpg,,Story pin image,STAR GIRL
https://i.pinimg.com/236x/ae/e7/01/aee701cd062be384f79469b0233a26b7.jpg,ðŸ¥³bff birthday basket ðŸ¥³,a white basket filled with lots of different items,Nayamsrion
https://i.pinimg.com/236x/ed/7b/7a/ed7b7a99cd9624a896b89e42ec8521d1.jpg,valentineâ€™s day gift for my boyfriend â¤ï¸,a person is holding a box with a stuffed animal and some other items in it,marianne miron
https://i.pinimg.com/236x/52/1c/2d/521c2ddb37643d378b3166c0a1eb72f9.jpg,â¤ï¸â€ðŸ©¹,someone is holding up a lego minifigure in a white frame that says love,vvvikkyone
https://i.pinimg.com/236x/c1/c0/ce/c1c0cea74e7f4f4191a917fe2b4e2395.jpg,aesthetic christmas list,a spiral notebook with christmas lists on it,abigailâ¸†â¸‰
https://i.pinimg.com/236x/d6/82/ef/d682efd4a9f45774a4c653b01d8c7fe9.jpg,gift basket,a car trunk filled with lots of pink and white items in front of some balloons,ig: __nessadesigns
https://i.pinimg.com/236x/65/6a/b1/656ab15549332f11d70c4857352df7c1.jpg,"20 Best Gifts for Men, Gift Ideas for Guys, Gifts for Him, Gifts for Fiance, Gifts for Husband",a man and woman hugging each other with the words super sweet gifts for men on it,"LiveLoveQuote - Self-Love, Planners, Gifts Guides, Event Planning"
https://i.pinimg.com/236x/c3/1b/27/c31b2786a52da191f97baa55938260ee.jpg,30+ Homemade Gift Ideas That Are Easy To Make (Even for Beginners),the cover of an article about home made gift ideas that are easy to make even for beginners,My Besuited Home | Luxury Home DÃ©cor
https://i.pinimg.com/30x30_RS/ee/26/d8/ee26d89a4ce1cbc27ad316e77ab59f6d.jpg,"gift idea, cute diys, gift, presents, cute diy gifts, diy gifts for boyfriends, diy gifts aesthetic,",Arden avatar link,Arden
https://i.pinimg.com/236x/eb/4d/da/eb4dda0e421d233d391a5313e2e2a297.jpg,,"a decorated christmas tree with red, white and gold ornaments",Allison Gourley
https://i.pinimg.com/236x/b2/28/42/b22842db26548649984f0eb97802cde3.jpg,,a dining room table set for christmas dinner with candles and red ribbon on the table,ð“‘ðžð¥ð¥ðž
https://i.pinimg.com/736x/c1/02/65/c102659a59d3cfa60bf23bfa845d0e66.jpg,20 Perfect Gift Ideas for Tween Girls,,italianpolishmomma | Mom Life | Pregnancy & Postpartum tips |
https://i.pinimg.com/30x30_RS/71/6f/b1/716fb129dcb38e1dcaf0b453f6d06992.jpg,Christmas garland. Everything is linked â™¥ï¸,Lovemarlynbarrera avatar link,Lovemarlynbarrera
https://i.pinimg.com/236x/b5/38/1e/b5381e7d5e6036e1d2d5f46bdc7681e5.jpg,Spiderman gift idea,a spiderman cake in a box and some other toys,Ioannis
